num,url,neodb
1,https://www.imdb.com/title/tt0111161,https://neodb.social/movie/6SAqdyMEu3kGepBN0mHZAr
2,https://www.imdb.com/title/tt0068646,https://neodb.social/movie/6TlNfO3Svt0mcuUh67RnpO
3,https://www.imdb.com/title/tt0468569,https://neodb.social/movie/41bYRpQkGrnC1kRYyL4BmS
4,https://www.imdb.com/title/tt0071562,https://neodb.social/movie/0LbdfIIdouc5WdtNcvQp3Z
5,https://www.imdb.com/title/tt0050083,https://neodb.social/movie/3Grzu4TaasczK63bezEPxH
6,https://www.imdb.com/title/tt0108052,https://neodb.social/movie/10WOAT0hHxRzy8BHOe5pZ1
7,https://www.imdb.com/title/tt0167260,https://neodb.social/movie/7InMSIPwehrrpOB8DZfOpQ
8,https://www.imdb.com/title/tt0110912,https://neodb.social/movie/1QgmUXvlmFRCUuSV6GnJZg
9,https://www.imdb.com/title/tt0120737,https://neodb.social/movie/2hAddhhjCHnB2ku5yev85B
10,https://www.imdb.com/title/tt0060196,https://neodb.social/movie/4581SVq6f3pFwFj4uXtG2J
11,https://www.imdb.com/title/tt0109830,https://neodb.social/movie/7RwHsgClhqDwb3vCzBNACZ
12,https://www.imdb.com/title/tt0137523,https://neodb.social/movie/33LWgbD3AIK7K8wSxAhtTp
13,https://www.imdb.com/title/tt0167261,https://neodb.social/movie/0eKMTEHPYUzOxH8qZCZFmj
14,https://www.imdb.com/title/tt1375666,https://neodb.social/movie/0OsXZTIt1UOOveQi3UXBil
15,https://www.imdb.com/title/tt0080684,https://neodb.social/movie/6qnmtMPKK4QdyBSD5stEBv
16,https://www.imdb.com/title/tt0133093,https://neodb.social/movie/0TedD5jkKhyavhtwJkqOxi
17,https://www.imdb.com/title/tt0099685,https://neodb.social/movie/6LGIy56K0habDwxiqr5xvz
18,https://www.imdb.com/title/tt0073486,https://neodb.social/movie/15phT6jrVT0INBFxzkDHJ0
19,https://www.imdb.com/title/tt9362722,https://neodb.social/movie/6TvJKU2rJ5SoJSeTLwdDdv
20,https://www.imdb.com/title/tt0114369,https://neodb.social/movie/5vF4KFxWEiCBzMEo7ulCBr
21,https://www.imdb.com/title/tt0038650,https://neodb.social/movie/7F7GREwqxbo5ZUIF1luT9r
22,https://www.imdb.com/title/tt0047478,https://neodb.social/movie/1WBbWnZuh1p8yzaA7WQYhy
23,https://www.imdb.com/title/tt0102926,https://neodb.social/movie/3dtKfdV17PYQ9yv9N9L8Ul
24,https://www.imdb.com/title/tt0816692,https://neodb.social/movie/2vE4NFmmigU2ofsivNOdcG
25,https://www.imdb.com/title/tt0120815,https://neodb.social/movie/0jz8N9vV9W9jEK0UXFw6vB
26,https://www.imdb.com/title/tt0317248,https://neodb.social/movie/4CICxMNTAicSEeJVCka6TS
27,https://www.imdb.com/title/tt0118799,https://neodb.social/movie/5rMGwfiJkuMTmkLEID5uYh
28,https://www.imdb.com/title/tt0120689,https://neodb.social/movie/2RpGOaifbnNoERdlr0clqC
29,https://www.imdb.com/title/tt0076759,https://neodb.social/movie/3tIzA4PNRaRCcgT7zIWhLi
30,https://www.imdb.com/title/tt0103064,https://neodb.social/movie/6FqLBObNPjgs7NrdzuZCSI
31,https://www.imdb.com/title/tt0088763,https://neodb.social/movie/78SafeqPsoW1gE0Sew07Bb
32,https://www.imdb.com/title/tt0245429,https://neodb.social/movie/1tinbILMzwlY1GWoo89qfL
33,https://www.imdb.com/title/tt0253474,https://neodb.social/movie/4GwB8r0jCOQNSXcuWyKXWF
34,https://www.imdb.com/title/tt0054215,https://neodb.social/movie/3oKj71Rp6AIELjLfFWe6bk
35,https://www.imdb.com/title/tt6751668,https://neodb.social/movie/33r2iUvUw85I4QErBFtvkV
36,https://www.imdb.com/title/tt0172495,https://neodb.social/movie/42Nd0eTeaspCchYBt1oPEE
37,https://www.imdb.com/title/tt0110357,https://neodb.social/movie/3SohF1ozWD2KgLfHbMYBSK
38,https://www.imdb.com/title/tt0110413,https://neodb.social/movie/0RZzjvRiIB3ywsyEToOhq7
39,https://www.imdb.com/title/tt0120586,https://neodb.social/movie/4Ij4AqxUFO7WVqrUxGLgyt
40,https://www.imdb.com/title/tt0407887,https://neodb.social/movie/037hWfoRVbfJkF6VjTbBeT
41,https://www.imdb.com/title/tt2582802,https://neodb.social/movie/24KnYgvthwkmY2IauhkUm5
42,https://www.imdb.com/title/tt15398776,https://neodb.social/movie/5VHXvvI05hLkzedOSVa4z2
43,https://www.imdb.com/title/tt0482571,https://neodb.social/movie/25QrAoeMK1MUYpPX7Zbqaf
44,https://www.imdb.com/title/tt0114814,https://neodb.social/movie/2BrdTFhBfCbBdvrea1QdKR
45,https://www.imdb.com/title/tt0095327,https://neodb.social/movie/6QIOui8zy8l5KevLzhVAsq
46,https://www.imdb.com/title/tt0056058,https://neodb.social/movie/2bEfsZD9fsTkVfq3DijjvL
47,https://www.imdb.com/title/tt0034583,https://neodb.social/movie/6rqAM43jifRqyIvtpLUeSr
48,https://www.imdb.com/title/tt1675434,https://neodb.social/movie/3AtljwtTdzePF9IKtsW9TB
49,https://www.imdb.com/title/tt0027977,https://neodb.social/movie/3DPstqjV0UX1mFelqRNXo9
50,https://www.imdb.com/title/tt0095765,https://neodb.social/movie/6X6X6gtf0MQpR9QgJriXVF
51,https://www.imdb.com/title/tt0064116,https://neodb.social
52,https://www.imdb.com/title/tt0047396,https://neodb.social/movie/0OqyVBsU5vGMAsFy7nlFTL
53,https://www.imdb.com/title/tt0078748,https://neodb.social/movie/5y0ue8dGmhmgplcXvmPCG7
54,https://www.imdb.com/title/tt0021749,https://neodb.social/movie/6th1ORH6narkmnhytFusLR
55,https://www.imdb.com/title/tt0078788,https://neodb.social/movie/5sZmtNvGnCrG9nijORtqIT
56,https://www.imdb.com/title/tt0209144,https://neodb.social/movie/3P6wROk9oIqMCxD1v4d3hN
57,https://www.imdb.com/title/tt1853728,https://neodb.social/movie/2Hzi7tvfD9UbJwPctgEOhN
58,https://www.imdb.com/title/tt0082971,https://neodb.social/movie/0c5BDG7HVL0peflNKRjd5l
59,https://www.imdb.com/title/tt0910970,https://neodb.social/movie/5y0Vg3MhVtMOBqIFvE6L6Y
60,https://www.imdb.com/title/tt0405094,https://neodb.social/movie/0N5Gn0BVTDmCvrmwWKtQCf
61,https://www.imdb.com/title/tt0043014,https://neodb.social/movie/4R6VVCg0B03oC1gFeaUc79
62,https://www.imdb.com/title/tt0050825,https://neodb.social/movie/2Kl1SIpgCEtT8wY0HM0NzT
63,https://www.imdb.com/title/tt4154756,https://neodb.social/movie/5VIeG3HfPylCeGukqW8pgb
64,https://www.imdb.com/title/tt0081505,https://neodb.social/movie/4yNHIcVAqXqxnaYejeTluE
65,https://www.imdb.com/title/tt0032553,https://neodb.social/movie/4ok10LjBJ64SJ5iiXzjNIp
66,https://www.imdb.com/title/tt0051201,https://neodb.social
67,https://www.imdb.com/title/tt4633694,https://neodb.social/movie/7LXcnrlommYYE4oSom6OXI
68,https://www.imdb.com/title/tt0090605,https://neodb.social/movie/4doCBaL6uwrmg402yQdPuH
69,https://www.imdb.com/title/tt1345836,https://neodb.social/movie/1EorKpdrqwhOPLLIeyBSWo
70,https://www.imdb.com/title/tt0169547,https://neodb.social/movie/4npoThY0oK0Ipdz0z0HvWM
71,https://www.imdb.com/title/tt0361748,https://neodb.social
72,https://www.imdb.com/title/tt0057012,https://neodb.social/movie/5CG2tv1NzVv1MiF5K2tuET
73,https://www.imdb.com/title/tt0364569,https://neodb.social/movie/1jjcLQvAg1lZFhJhXWxKmr
74,https://www.imdb.com/title/tt2380307,https://neodb.social/movie/3V4pKFHRBYvdsH1HSoe5m3
75,https://www.imdb.com/title/tt0086879,https://neodb.social/movie/3mCLdMLEckSIeAYCNyxxZr
76,https://www.imdb.com/title/tt0114709,https://neodb.social/movie/0O4JsOK8Ak9B9X4xMkFDwb
77,https://www.imdb.com/title/tt0082096,https://neodb.social/movie/032cirt1dcdIUzpP0W1myS
78,https://www.imdb.com/title/tt0112573,https://neodb.social/movie/0aGSBoXRjlhchJ39O7cAY2
79,https://www.imdb.com/title/tt4154796,https://neodb.social/movie/3zJE5K5Er2NJTcKDrgrKsz
80,https://www.imdb.com/title/tt7286456,https://neodb.social/movie/6aJvUXvXU71FhrPcsNIoAe
81,https://www.imdb.com/title/tt0119698,https://neodb.social/movie/3ErINWu9y8qqJzA3uSJxaK
82,https://www.imdb.com/title/tt0119217,https://neodb.social/movie/0Wl134TQb5X1u1RzgwWEJu
83,https://www.imdb.com/title/tt0087843,https://neodb.social/movie/1Ykauf4k4Kb93ttGno4sk2
84,https://www.imdb.com/title/tt5311514,https://neodb.social/movie/0c0WkLq3zobatTWPrKagFP
85,https://www.imdb.com/title/tt1187043,https://neodb.social/movie/5WlBzIchQu8J984Btt0Wyd
86,https://www.imdb.com/title/tt0057565,https://neodb.social/movie/6qQ2PbsldNCOfV586TQyRJ
87,https://www.imdb.com/title/tt0045152,https://neodb.social/movie/4WglY5G6szqVwx0o0gkEoP
88,https://www.imdb.com/title/tt0180093,https://neodb.social/movie/06gPQON41DHTmQLPr6QRlC
89,https://www.imdb.com/title/tt8267604,https://neodb.social/movie/5SfUpBL7Ep6RIIa7TQBmtT
90,https://www.imdb.com/title/tt0435761,https://neodb.social/movie/24Xml2Ruk8cTCYViyCQvSz
91,https://www.imdb.com/title/tt0091251,https://neodb.social/movie/1VPb0r3vPnXDvH8z8wmOlA
92,https://www.imdb.com/title/tt0086190,https://neodb.social/movie/3OvOaJK9ei1Ff51PLMegjl
93,https://www.imdb.com/title/tt0338013,https://neodb.social/movie/0Q22J0L76CWBidL7Vx1j2w
94,https://www.imdb.com/title/tt0062622,https://neodb.social/movie/1RX2ikFCBoIpTsQPph7B7I
95,https://www.imdb.com/title/tt2106476,https://neodb.social
96,https://www.imdb.com/title/tt0105236,https://neodb.social/movie/42e1FjfAPCexQckIJeD0qe
97,https://www.imdb.com/title/tt0044741,https://neodb.social
98,https://www.imdb.com/title/tt0056172,https://neodb.social
99,https://www.imdb.com/title/tt0033467,https://neodb.social/movie/4Ieac3LlODPmMlQSkUSEsS
100,https://www.imdb.com/title/tt0022100,https://neodb.social/movie/2TXR3lb3YhHYyfDFVglWEv
101,https://www.imdb.com/title/tt0053604,https://neodb.social
102,https://www.imdb.com/title/tt0053125,https://neodb.social/movie/7IYmaHt7YdMwWq9lIhgwSm
103,https://www.imdb.com/title/tt0052357,https://neodb.social
104,https://www.imdb.com/title/tt0036775,https://neodb.social/movie/20e96IjlM2uw5DNL4cQCrX
105,https://www.imdb.com/title/tt0211915,https://neodb.social
106,https://www.imdb.com/title/tt0086250,https://neodb.social/movie/57ybGLSIMukTwZco1D4HsU
107,https://www.imdb.com/title/tt0093058,https://neodb.social/movie/1sGao6iRM1kSMDU6KPEqJO
108,https://www.imdb.com/title/tt0066921,https://neodb.social
109,https://www.imdb.com/title/tt1255953,https://neodb.social
110,https://www.imdb.com/title/tt0113277,https://neodb.social
111,https://www.imdb.com/title/tt8503618,https://neodb.social
112,https://www.imdb.com/title/tt1049413,https://neodb.social/movie/5OUR2KsP8z4YqXfPvxG9Y4
113,https://www.imdb.com/title/tt0056592,https://neodb.social
114,https://www.imdb.com/title/tt0070735,https://neodb.social
115,https://www.imdb.com/title/tt1832382,https://neodb.social
116,https://www.imdb.com/title/tt0097576,https://neodb.social
117,https://www.imdb.com/title/tt0017136,https://neodb.social
118,https://www.imdb.com/title/tt0095016,https://neodb.social
119,https://www.imdb.com/title/tt0040522,https://neodb.social
120,https://www.imdb.com/title/tt0119488,https://neodb.social
121,https://www.imdb.com/title/tt0208092,https://neodb.social
122,https://www.imdb.com/title/tt0986264,https://neodb.social
123,https://www.imdb.com/title/tt0075314,https://neodb.social
124,https://www.imdb.com/title/tt8579674,https://neodb.social/movie/5TObXvRK5BLTHl1mBGnt2h
125,https://www.imdb.com/title/tt0363163,https://neodb.social
126,https://www.imdb.com/title/tt5074352,https://neodb.social
127,https://www.imdb.com/title/tt1745960,https://neodb.social/movie/4rsBs9KsBbX6GTjzlyF9KV
128,https://www.imdb.com/title/tt0059578,https://neodb.social
129,https://www.imdb.com/title/tt0372784,https://neodb.social
130,https://www.imdb.com/title/tt0053291,https://neodb.social
131,https://www.imdb.com/title/tt0012349,https://neodb.social
132,https://www.imdb.com/title/tt0993846,https://neodb.social/movie/58TiWjsJ7C7LlPsiwxny56
133,https://www.imdb.com/title/tt10272386,https://neodb.social
134,https://www.imdb.com/title/tt6966692,https://neodb.social
135,https://www.imdb.com/title/tt0042192,https://neodb.social
136,https://www.imdb.com/title/tt0055031,https://neodb.social
137,https://www.imdb.com/title/tt0120382,https://neodb.social
138,https://www.imdb.com/title/tt0469494,https://neodb.social
139,https://www.imdb.com/title/tt0089881,https://neodb.social
140,https://www.imdb.com/title/tt0112641,https://neodb.social
141,https://www.imdb.com/title/tt1130884,https://neodb.social
142,https://www.imdb.com/title/tt0457430,https://neodb.social
143,https://www.imdb.com/title/tt0167404,https://neodb.social
144,https://www.imdb.com/title/tt0105695,https://neodb.social
145,https://www.imdb.com/title/tt0107290,https://neodb.social/movie/3RkbXDOsEC7w9cacDuMvVF
146,https://www.imdb.com/title/tt0268978,https://neodb.social
147,https://www.imdb.com/title/tt0040897,https://neodb.social
148,https://www.imdb.com/title/tt0055630,https://neodb.social
149,https://www.imdb.com/title/tt0477348,https://neodb.social
150,https://www.imdb.com/title/tt0266697,https://neodb.social
151,https://www.imdb.com/title/tt0071853,https://neodb.social
152,https://www.imdb.com/title/tt0057115,https://neodb.social
153,https://www.imdb.com/title/tt0084787,https://neodb.social
154,https://www.imdb.com/title/tt0042876,https://neodb.social
155,https://www.imdb.com/title/tt0266543,https://neodb.social/movie/1lce5zQVhT7GEIerQadcBI
156,https://www.imdb.com/title/tt0080678,https://neodb.social
157,https://www.imdb.com/title/tt0071315,https://neodb.social
158,https://www.imdb.com/title/tt0031381,https://neodb.social
159,https://www.imdb.com/title/tt0347149,https://neodb.social
160,https://www.imdb.com/title/tt0434409,https://neodb.social/movie/1XJWHHt2ZGaHDZDywAqVVx
161,https://www.imdb.com/title/tt0046912,https://neodb.social
162,https://www.imdb.com/title/tt10872600,https://neodb.social
163,https://www.imdb.com/title/tt0081398,https://neodb.social
164,https://www.imdb.com/title/tt0120735,https://neodb.social
165,https://www.imdb.com/title/tt1305806,https://neodb.social
166,https://www.imdb.com/title/tt2096673,https://neodb.social/movie/6PKwhwQgFDFRC53iPJQNVA
167,https://www.imdb.com/title/tt1392214,https://neodb.social
168,https://www.imdb.com/title/tt5027774,https://neodb.social/movie/6Pn5oNsl471yeIjAoAkRMw
169,https://www.imdb.com/title/tt0050212,https://neodb.social
170,https://www.imdb.com/title/tt0117951,https://neodb.social
171,https://www.imdb.com/title/tt0116282,https://neodb.social
172,https://www.imdb.com/title/tt1291584,https://neodb.social
173,https://www.imdb.com/title/tt1205489,https://neodb.social
174,https://www.imdb.com/title/tt0264464,https://neodb.social
175,https://www.imdb.com/title/tt0096283,https://neodb.social
176,https://www.imdb.com/title/tt0405159,https://neodb.social
177,https://www.imdb.com/title/tt4729430,https://neodb.social
178,https://www.imdb.com/title/tt1201607,https://neodb.social
179,https://www.imdb.com/title/tt0118849,https://neodb.social
180,https://www.imdb.com/title/tt0083658,https://neodb.social/movie/07UjvDPvTdebqvHoCaVT43
181,https://www.imdb.com/title/tt2024544,https://neodb.social
182,https://www.imdb.com/title/tt0112471,https://neodb.social
183,https://www.imdb.com/title/tt0015864,https://neodb.social
184,https://www.imdb.com/title/tt2278388,https://neodb.social
185,https://www.imdb.com/title/tt0052618,https://neodb.social
186,https://www.imdb.com/title/tt2267998,https://neodb.social/movie/0KwCU1TINg9w0Nb54S8ew0
187,https://www.imdb.com/title/tt0072684,https://neodb.social
188,https://www.imdb.com/title/tt0047296,https://neodb.social
189,https://www.imdb.com/title/tt2119532,https://neodb.social
190,https://www.imdb.com/title/tt0107207,https://neodb.social
191,https://www.imdb.com/title/tt0017925,https://neodb.social
192,https://www.imdb.com/title/tt0353969,https://neodb.social
193,https://www.imdb.com/title/tt0077416,https://neodb.social/movie/2ALe8HVtYQupZz0SA7MAzD
194,https://www.imdb.com/title/tt0050986,https://neodb.social
195,https://www.imdb.com/title/tt0046268,https://neodb.social
196,https://www.imdb.com/title/tt0041959,https://neodb.social
197,https://www.imdb.com/title/tt3011894,https://neodb.social
198,https://www.imdb.com/title/tt0015324,https://neodb.social
199,https://www.imdb.com/title/tt1392190,https://neodb.social
200,https://www.imdb.com/title/tt0097165,https://neodb.social
201,https://www.imdb.com/title/tt0031679,https://neodb.social
202,https://www.imdb.com/title/tt0198781,https://neodb.social
203,https://www.imdb.com/title/tt0892769,https://neodb.social
204,https://www.imdb.com/title/tt0073195,https://neodb.social
205,https://www.imdb.com/title/tt0978762,https://neodb.social
206,https://www.imdb.com/title/tt0050976,https://neodb.social
207,https://www.imdb.com/title/tt3170832,https://neodb.social
208,https://www.imdb.com/title/tt1950186,https://neodb.social
209,https://www.imdb.com/title/tt0118715,https://neodb.social
210,https://www.imdb.com/title/tt0046438,https://neodb.social
211,https://www.imdb.com/title/tt0382932,https://neodb.social
212,https://www.imdb.com/title/tt0075148,https://neodb.social
213,https://www.imdb.com/title/tt0395169,https://neodb.social/movie/4XK0kP50ZOMlKHQw2R8eH2
214,https://www.imdb.com/title/tt0019254,https://neodb.social
215,https://www.imdb.com/title/tt3315342,https://neodb.social
216,https://www.imdb.com/title/tt0091763,https://neodb.social
217,https://www.imdb.com/title/tt1895587,https://neodb.social/movie/19vf0RxT0mHGrzN6l4TTM1
218,https://www.imdb.com/title/tt0088247,https://neodb.social
219,https://www.imdb.com/title/tt15097216,https://neodb.social
220,https://www.imdb.com/title/tt0381681,https://neodb.social/movie/4583MmZvob6TDbu0Yf111q
221,https://www.imdb.com/title/tt1979320,https://neodb.social
222,https://www.imdb.com/title/tt0074958,https://neodb.social
223,https://www.imdb.com/title/tt0092005,https://neodb.social
224,https://www.imdb.com/title/tt0036868,https://neodb.social
225,https://www.imdb.com/title/tt0113247,https://neodb.social
226,https://www.imdb.com/title/tt0032138,https://neodb.social
227,https://www.imdb.com/title/tt0758758,https://neodb.social
228,https://www.imdb.com/title/tt0070047,https://neodb.social
229,https://www.imdb.com/title/tt0325980,https://neodb.social/movie/0NWnd19YM31Ze9WBXt1m0i
230,https://www.imdb.com/title/tt0317705,https://neodb.social
231,https://www.imdb.com/title/tt0035446,https://neodb.social
232,https://www.imdb.com/title/tt1028532,https://neodb.social
233,https://www.imdb.com/title/tt0107048,https://neodb.social
234,https://www.imdb.com/title/tt0032551,https://neodb.social
235,https://www.imdb.com/title/tt4016934,https://neodb.social
236,https://www.imdb.com/title/tt0058946,https://neodb.social
237,https://www.imdb.com/title/tt0476735,https://neodb.social
238,https://www.imdb.com/title/tt0245712,https://neodb.social
239,https://www.imdb.com/title/tt0032976,https://neodb.social
240,https://www.imdb.com/title/tt0061512,https://neodb.social
241,https://www.imdb.com/title/tt0059742,https://neodb.social
242,https://www.imdb.com/title/tt0048473,https://neodb.social
243,https://www.imdb.com/title/tt0025316,https://neodb.social
244,https://www.imdb.com/title/tt0129167,https://neodb.social
245,https://www.imdb.com/title/tt1454029,https://neodb.social
246,https://www.imdb.com/title/tt0053198,https://neodb.social
247,https://www.imdb.com/title/tt0060827,https://neodb.social
248,https://www.imdb.com/title/tt0079470,https://neodb.social
249,https://www.imdb.com/title/tt0103639,https://neodb.social
250,https://www.imdb.com/title/tt4430212,https://neodb.social/movie/2BGQYWTyrdKmF0v2e3Munp
